service,operation,transport,state,reason
bigquery,BigQuery.CancelJob,rest,limited,"documented Standard SQL subset (one pure-Go SQLite engine in both memory and --dsn modes, docs/gcp-bigquery-sql-engine.md §5); DDL/DML jobs complete synchronously and paging/getQueryResults snapshot semantics are simplified; load jobs cover one or more gs:// objects (including a single-'*' wildcard) or an uploaded file (multipart / resumable media session) of NEWLINE_DELIMITED_JSON, CSV, Parquet or Avro, with a supplied schema, an embedded file schema, or autodetect; gzip-compressed CSV/JSON is auto-detected; useAvroLogicalTypes selects logical vs raw Avro types (ORC, Parquet/Avro map/decimal shapes, and Avro unions with more than one non-null type fail loud)"
bigquery,BigQuery.CreateDataset,rest,limited,"documented Standard SQL subset (one pure-Go SQLite engine in both memory and --dsn modes, docs/gcp-bigquery-sql-engine.md §5); DDL/DML jobs complete synchronously and paging/getQueryResults snapshot semantics are simplified; load jobs cover one or more gs:// objects (including a single-'*' wildcard) or an uploaded file (multipart / resumable media session) of NEWLINE_DELIMITED_JSON, CSV, Parquet or Avro, with a supplied schema, an embedded file schema, or autodetect; gzip-compressed CSV/JSON is auto-detected; useAvroLogicalTypes selects logical vs raw Avro types (ORC, Parquet/Avro map/decimal shapes, and Avro unions with more than one non-null type fail loud)"
bigquery,BigQuery.CreateTable,rest,limited,"documented Standard SQL subset (one pure-Go SQLite engine in both memory and --dsn modes, docs/gcp-bigquery-sql-engine.md §5); DDL/DML jobs complete synchronously and paging/getQueryResults snapshot semantics are simplified; load jobs cover one or more gs:// objects (including a single-'*' wildcard) or an uploaded file (multipart / resumable media session) of NEWLINE_DELIMITED_JSON, CSV, Parquet or Avro, with a supplied schema, an embedded file schema, or autodetect; gzip-compressed CSV/JSON is auto-detected; useAvroLogicalTypes selects logical vs raw Avro types (ORC, Parquet/Avro map/decimal shapes, and Avro unions with more than one non-null type fail loud)"
bigquery,BigQuery.DeleteDataset,rest,limited,"documented Standard SQL subset (one pure-Go SQLite engine in both memory and --dsn modes, docs/gcp-bigquery-sql-engine.md §5); DDL/DML jobs complete synchronously and paging/getQueryResults snapshot semantics are simplified; load jobs cover one or more gs:// objects (including a single-'*' wildcard) or an uploaded file (multipart / resumable media session) of NEWLINE_DELIMITED_JSON, CSV, Parquet or Avro, with a supplied schema, an embedded file schema, or autodetect; gzip-compressed CSV/JSON is auto-detected; useAvroLogicalTypes selects logical vs raw Avro types (ORC, Parquet/Avro map/decimal shapes, and Avro unions with more than one non-null type fail loud)"
bigquery,BigQuery.DeleteJob,rest,limited,"documented Standard SQL subset (one pure-Go SQLite engine in both memory and --dsn modes, docs/gcp-bigquery-sql-engine.md §5); DDL/DML jobs complete synchronously and paging/getQueryResults snapshot semantics are simplified; load jobs cover one or more gs:// objects (including a single-'*' wildcard) or an uploaded file (multipart / resumable media session) of NEWLINE_DELIMITED_JSON, CSV, Parquet or Avro, with a supplied schema, an embedded file schema, or autodetect; gzip-compressed CSV/JSON is auto-detected; useAvroLogicalTypes selects logical vs raw Avro types (ORC, Parquet/Avro map/decimal shapes, and Avro unions with more than one non-null type fail loud)"
bigquery,BigQuery.DeleteTable,rest,limited,"documented Standard SQL subset (one pure-Go SQLite engine in both memory and --dsn modes, docs/gcp-bigquery-sql-engine.md §5); DDL/DML jobs complete synchronously and paging/getQueryResults snapshot semantics are simplified; load jobs cover one or more gs:// objects (including a single-'*' wildcard) or an uploaded file (multipart / resumable media session) of NEWLINE_DELIMITED_JSON, CSV, Parquet or Avro, with a supplied schema, an embedded file schema, or autodetect; gzip-compressed CSV/JSON is auto-detected; useAvroLogicalTypes selects logical vs raw Avro types (ORC, Parquet/Avro map/decimal shapes, and Avro unions with more than one non-null type fail loud)"
bigquery,BigQuery.GetDataset,rest,limited,"documented Standard SQL subset (one pure-Go SQLite engine in both memory and --dsn modes, docs/gcp-bigquery-sql-engine.md §5); DDL/DML jobs complete synchronously and paging/getQueryResults snapshot semantics are simplified; load jobs cover one or more gs:// objects (including a single-'*' wildcard) or an uploaded file (multipart / resumable media session) of NEWLINE_DELIMITED_JSON, CSV, Parquet or Avro, with a supplied schema, an embedded file schema, or autodetect; gzip-compressed CSV/JSON is auto-detected; useAvroLogicalTypes selects logical vs raw Avro types (ORC, Parquet/Avro map/decimal shapes, and Avro unions with more than one non-null type fail loud)"
bigquery,BigQuery.GetJob,rest,limited,"documented Standard SQL subset (one pure-Go SQLite engine in both memory and --dsn modes, docs/gcp-bigquery-sql-engine.md §5); DDL/DML jobs complete synchronously and paging/getQueryResults snapshot semantics are simplified; load jobs cover one or more gs:// objects (including a single-'*' wildcard) or an uploaded file (multipart / resumable media session) of NEWLINE_DELIMITED_JSON, CSV, Parquet or Avro, with a supplied schema, an embedded file schema, or autodetect; gzip-compressed CSV/JSON is auto-detected; useAvroLogicalTypes selects logical vs raw Avro types (ORC, Parquet/Avro map/decimal shapes, and Avro unions with more than one non-null type fail loud)"
bigquery,BigQuery.GetQueryResults,rest,limited,"documented Standard SQL subset (one pure-Go SQLite engine in both memory and --dsn modes, docs/gcp-bigquery-sql-engine.md §5); DDL/DML jobs complete synchronously and paging/getQueryResults snapshot semantics are simplified; load jobs cover one or more gs:// objects (including a single-'*' wildcard) or an uploaded file (multipart / resumable media session) of NEWLINE_DELIMITED_JSON, CSV, Parquet or Avro, with a supplied schema, an embedded file schema, or autodetect; gzip-compressed CSV/JSON is auto-detected; useAvroLogicalTypes selects logical vs raw Avro types (ORC, Parquet/Avro map/decimal shapes, and Avro unions with more than one non-null type fail loud)"
bigquery,BigQuery.GetServiceAccount,rest,limited,"documented Standard SQL subset (one pure-Go SQLite engine in both memory and --dsn modes, docs/gcp-bigquery-sql-engine.md §5); DDL/DML jobs complete synchronously and paging/getQueryResults snapshot semantics are simplified; load jobs cover one or more gs:// objects (including a single-'*' wildcard) or an uploaded file (multipart / resumable media session) of NEWLINE_DELIMITED_JSON, CSV, Parquet or Avro, with a supplied schema, an embedded file schema, or autodetect; gzip-compressed CSV/JSON is auto-detected; useAvroLogicalTypes selects logical vs raw Avro types (ORC, Parquet/Avro map/decimal shapes, and Avro unions with more than one non-null type fail loud)"
bigquery,BigQuery.GetTable,rest,limited,"documented Standard SQL subset (one pure-Go SQLite engine in both memory and --dsn modes, docs/gcp-bigquery-sql-engine.md §5); DDL/DML jobs complete synchronously and paging/getQueryResults snapshot semantics are simplified; load jobs cover one or more gs:// objects (including a single-'*' wildcard) or an uploaded file (multipart / resumable media session) of NEWLINE_DELIMITED_JSON, CSV, Parquet or Avro, with a supplied schema, an embedded file schema, or autodetect; gzip-compressed CSV/JSON is auto-detected; useAvroLogicalTypes selects logical vs raw Avro types (ORC, Parquet/Avro map/decimal shapes, and Avro unions with more than one non-null type fail loud)"
bigquery,BigQuery.InsertAll,rest,limited,"documented Standard SQL subset (one pure-Go SQLite engine in both memory and --dsn modes, docs/gcp-bigquery-sql-engine.md §5); DDL/DML jobs complete synchronously and paging/getQueryResults snapshot semantics are simplified; load jobs cover one or more gs:// objects (including a single-'*' wildcard) or an uploaded file (multipart / resumable media session) of NEWLINE_DELIMITED_JSON, CSV, Parquet or Avro, with a supplied schema, an embedded file schema, or autodetect; gzip-compressed CSV/JSON is auto-detected; useAvroLogicalTypes selects logical vs raw Avro types (ORC, Parquet/Avro map/decimal shapes, and Avro unions with more than one non-null type fail loud)"
bigquery,BigQuery.InsertJob,rest,limited,"documented Standard SQL subset (one pure-Go SQLite engine in both memory and --dsn modes, docs/gcp-bigquery-sql-engine.md §5); DDL/DML jobs complete synchronously and paging/getQueryResults snapshot semantics are simplified; load jobs cover one or more gs:// objects (including a single-'*' wildcard) or an uploaded file (multipart / resumable media session) of NEWLINE_DELIMITED_JSON, CSV, Parquet or Avro, with a supplied schema, an embedded file schema, or autodetect; gzip-compressed CSV/JSON is auto-detected; useAvroLogicalTypes selects logical vs raw Avro types (ORC, Parquet/Avro map/decimal shapes, and Avro unions with more than one non-null type fail loud)"
bigquery,BigQuery.InsertJobResumable,rest,limited,"documented Standard SQL subset (one pure-Go SQLite engine in both memory and --dsn modes, docs/gcp-bigquery-sql-engine.md §5); DDL/DML jobs complete synchronously and paging/getQueryResults snapshot semantics are simplified; load jobs cover one or more gs:// objects (including a single-'*' wildcard) or an uploaded file (multipart / resumable media session) of NEWLINE_DELIMITED_JSON, CSV, Parquet or Avro, with a supplied schema, an embedded file schema, or autodetect; gzip-compressed CSV/JSON is auto-detected; useAvroLogicalTypes selects logical vs raw Avro types (ORC, Parquet/Avro map/decimal shapes, and Avro unions with more than one non-null type fail loud)"
bigquery,BigQuery.InsertJobResumableStart,rest,limited,"documented Standard SQL subset (one pure-Go SQLite engine in both memory and --dsn modes, docs/gcp-bigquery-sql-engine.md §5); DDL/DML jobs complete synchronously and paging/getQueryResults snapshot semantics are simplified; load jobs cover one or more gs:// objects (including a single-'*' wildcard) or an uploaded file (multipart / resumable media session) of NEWLINE_DELIMITED_JSON, CSV, Parquet or Avro, with a supplied schema, an embedded file schema, or autodetect; gzip-compressed CSV/JSON is auto-detected; useAvroLogicalTypes selects logical vs raw Avro types (ORC, Parquet/Avro map/decimal shapes, and Avro unions with more than one non-null type fail loud)"
bigquery,BigQuery.ListDatasets,rest,limited,"documented Standard SQL subset (one pure-Go SQLite engine in both memory and --dsn modes, docs/gcp-bigquery-sql-engine.md §5); DDL/DML jobs complete synchronously and paging/getQueryResults snapshot semantics are simplified; load jobs cover one or more gs:// objects (including a single-'*' wildcard) or an uploaded file (multipart / resumable media session) of NEWLINE_DELIMITED_JSON, CSV, Parquet or Avro, with a supplied schema, an embedded file schema, or autodetect; gzip-compressed CSV/JSON is auto-detected; useAvroLogicalTypes selects logical vs raw Avro types (ORC, Parquet/Avro map/decimal shapes, and Avro unions with more than one non-null type fail loud)"
bigquery,BigQuery.ListJobs,rest,limited,"documented Standard SQL subset (one pure-Go SQLite engine in both memory and --dsn modes, docs/gcp-bigquery-sql-engine.md §5); DDL/DML jobs complete synchronously and paging/getQueryResults snapshot semantics are simplified; load jobs cover one or more gs:// objects (including a single-'*' wildcard) or an uploaded file (multipart / resumable media session) of NEWLINE_DELIMITED_JSON, CSV, Parquet or Avro, with a supplied schema, an embedded file schema, or autodetect; gzip-compressed CSV/JSON is auto-detected; useAvroLogicalTypes selects logical vs raw Avro types (ORC, Parquet/Avro map/decimal shapes, and Avro unions with more than one non-null type fail loud)"
bigquery,BigQuery.ListRows,rest,limited,"documented Standard SQL subset (one pure-Go SQLite engine in both memory and --dsn modes, docs/gcp-bigquery-sql-engine.md §5); DDL/DML jobs complete synchronously and paging/getQueryResults snapshot semantics are simplified; load jobs cover one or more gs:// objects (including a single-'*' wildcard) or an uploaded file (multipart / resumable media session) of NEWLINE_DELIMITED_JSON, CSV, Parquet or Avro, with a supplied schema, an embedded file schema, or autodetect; gzip-compressed CSV/JSON is auto-detected; useAvroLogicalTypes selects logical vs raw Avro types (ORC, Parquet/Avro map/decimal shapes, and Avro unions with more than one non-null type fail loud)"
bigquery,BigQuery.ListTables,rest,limited,"documented Standard SQL subset (one pure-Go SQLite engine in both memory and --dsn modes, docs/gcp-bigquery-sql-engine.md §5); DDL/DML jobs complete synchronously and paging/getQueryResults snapshot semantics are simplified; load jobs cover one or more gs:// objects (including a single-'*' wildcard) or an uploaded file (multipart / resumable media session) of NEWLINE_DELIMITED_JSON, CSV, Parquet or Avro, with a supplied schema, an embedded file schema, or autodetect; gzip-compressed CSV/JSON is auto-detected; useAvroLogicalTypes selects logical vs raw Avro types (ORC, Parquet/Avro map/decimal shapes, and Avro unions with more than one non-null type fail loud)"
bigquery,BigQuery.Models,rest,unsupported,models are not modelled; explicit Unimplemented (501) stub
bigquery,BigQuery.Query,rest,limited,"documented Standard SQL subset (one pure-Go SQLite engine in both memory and --dsn modes, docs/gcp-bigquery-sql-engine.md §5); DDL/DML jobs complete synchronously and paging/getQueryResults snapshot semantics are simplified; load jobs cover one or more gs:// objects (including a single-'*' wildcard) or an uploaded file (multipart / resumable media session) of NEWLINE_DELIMITED_JSON, CSV, Parquet or Avro, with a supplied schema, an embedded file schema, or autodetect; gzip-compressed CSV/JSON is auto-detected; useAvroLogicalTypes selects logical vs raw Avro types (ORC, Parquet/Avro map/decimal shapes, and Avro unions with more than one non-null type fail loud)"
bigquery,BigQuery.Routines,rest,unsupported,dataset routines are not modelled; explicit Unimplemented (501) stub
bigquery,BigQuery.RowAccessPolicies,rest,unsupported,row access policies are not modelled; explicit Unimplemented (501) stub
bigquery,BigQuery.UpdateDataset,rest,limited,"documented Standard SQL subset (one pure-Go SQLite engine in both memory and --dsn modes, docs/gcp-bigquery-sql-engine.md §5); DDL/DML jobs complete synchronously and paging/getQueryResults snapshot semantics are simplified; load jobs cover one or more gs:// objects (including a single-'*' wildcard) or an uploaded file (multipart / resumable media session) of NEWLINE_DELIMITED_JSON, CSV, Parquet or Avro, with a supplied schema, an embedded file schema, or autodetect; gzip-compressed CSV/JSON is auto-detected; useAvroLogicalTypes selects logical vs raw Avro types (ORC, Parquet/Avro map/decimal shapes, and Avro unions with more than one non-null type fail loud)"
bigquery,BigQuery.UpdateTable,rest,limited,"documented Standard SQL subset (one pure-Go SQLite engine in both memory and --dsn modes, docs/gcp-bigquery-sql-engine.md §5); DDL/DML jobs complete synchronously and paging/getQueryResults snapshot semantics are simplified; load jobs cover one or more gs:// objects (including a single-'*' wildcard) or an uploaded file (multipart / resumable media session) of NEWLINE_DELIMITED_JSON, CSV, Parquet or Avro, with a supplied schema, an embedded file schema, or autodetect; gzip-compressed CSV/JSON is auto-detected; useAvroLogicalTypes selects logical vs raw Avro types (ORC, Parquet/Avro map/decimal shapes, and Avro unions with more than one non-null type fail loud)"
clouddns,CloudDNS.ChangeCreate,rest,limited,metadata-only over ResourceStore (no private DNS resolution)
clouddns,CloudDNS.ChangeGet,rest,limited,metadata-only over ResourceStore (no private DNS resolution)
clouddns,CloudDNS.ChangeList,rest,limited,metadata-only over ResourceStore (no private DNS resolution)
clouddns,CloudDNS.ManagedZoneCreate,rest,limited,metadata-only over ResourceStore (no private DNS resolution)
clouddns,CloudDNS.ManagedZoneDelete,rest,limited,metadata-only over ResourceStore (no private DNS resolution)
clouddns,CloudDNS.ManagedZoneGet,rest,limited,metadata-only over ResourceStore (no private DNS resolution)
clouddns,CloudDNS.ManagedZoneList,rest,limited,metadata-only over ResourceStore (no private DNS resolution)
clouddns,CloudDNS.ManagedZonePatch,rest,limited,metadata-only over ResourceStore (no private DNS resolution)
clouddns,CloudDNS.ManagedZoneUpdate,rest,limited,metadata-only over ResourceStore (no private DNS resolution)
clouddns,CloudDNS.ProjectGet,rest,limited,metadata-only over ResourceStore (no private DNS resolution)
clouddns,CloudDNS.ResourceRecordSetCreate,rest,limited,metadata-only over ResourceStore (no private DNS resolution)
clouddns,CloudDNS.ResourceRecordSetDelete,rest,limited,metadata-only over ResourceStore (no private DNS resolution)
clouddns,CloudDNS.ResourceRecordSetGet,rest,limited,metadata-only over ResourceStore (no private DNS resolution)
clouddns,CloudDNS.ResourceRecordSetList,rest,limited,metadata-only over ResourceStore (no private DNS resolution)
clouddns,CloudDNS.ResourceRecordSetPatch,rest,limited,metadata-only over ResourceStore (no private DNS resolution)
clouddns,CloudDNS.Unimplemented,rest,unsupported,explicit Unimplemented stub
cloudsql,CloudSQL.ConnectGet,rest,limited,metadata-only over ResourceStore (no control plane)
cloudsql,CloudSQL.DatabasesDelete,rest,limited,metadata-only over ResourceStore (no control plane)
cloudsql,CloudSQL.DatabasesGet,rest,limited,metadata-only over ResourceStore (no control plane)
cloudsql,CloudSQL.DatabasesInsert,rest,limited,metadata-only over ResourceStore (no control plane)
cloudsql,CloudSQL.DatabasesList,rest,limited,metadata-only over ResourceStore (no control plane)
cloudsql,CloudSQL.DatabasesPatch,rest,limited,metadata-only over ResourceStore (no control plane)
cloudsql,CloudSQL.DatabasesUpdate,rest,limited,metadata-only over ResourceStore (no control plane)
cloudsql,CloudSQL.FlagsList,rest,limited,metadata-only over ResourceStore (no control plane)
cloudsql,CloudSQL.InstancesDelete,rest,limited,metadata-only over ResourceStore (no control plane)
cloudsql,CloudSQL.InstancesGet,rest,limited,metadata-only over ResourceStore (no control plane)
cloudsql,CloudSQL.InstancesInsert,rest,limited,metadata-only over ResourceStore (no control plane)
cloudsql,CloudSQL.InstancesList,rest,limited,metadata-only over ResourceStore (no control plane)
cloudsql,CloudSQL.InstancesPatch,rest,limited,metadata-only over ResourceStore (no control plane)
cloudsql,CloudSQL.InstancesRestart,rest,limited,metadata-only over ResourceStore (no control plane)
cloudsql,CloudSQL.InstancesUpdate,rest,limited,metadata-only over ResourceStore (no control plane)
cloudsql,CloudSQL.OperationsGet,rest,limited,metadata-only over ResourceStore (no control plane)
cloudsql,CloudSQL.OperationsList,rest,limited,metadata-only over ResourceStore (no control plane)
cloudsql,CloudSQL.TiersList,rest,limited,metadata-only over ResourceStore (no control plane)
cloudsql,CloudSQL.Unimplemented,rest,unsupported,explicit Unimplemented stub
cloudsql,CloudSQL.UsersDelete,rest,limited,metadata-only over ResourceStore (no control plane)
cloudsql,CloudSQL.UsersGet,rest,limited,metadata-only over ResourceStore (no control plane)
cloudsql,CloudSQL.UsersInsert,rest,limited,metadata-only over ResourceStore (no control plane)
cloudsql,CloudSQL.UsersList,rest,limited,metadata-only over ResourceStore (no control plane)
cloudsql,CloudSQL.UsersUpdate,rest,limited,metadata-only over ResourceStore (no control plane)
compute,Compute.DisksDelete,rest,limited,metadata-only over ResourceStore (no control plane)
compute,Compute.DisksGet,rest,limited,metadata-only over ResourceStore (no control plane)
compute,Compute.DisksInsert,rest,limited,metadata-only over ResourceStore (no control plane)
compute,Compute.DisksList,rest,limited,metadata-only over ResourceStore (no control plane)
compute,Compute.FirewallsDelete,rest,limited,metadata-only over ResourceStore (no control plane)
compute,Compute.FirewallsGet,rest,limited,metadata-only over ResourceStore (no control plane)
compute,Compute.FirewallsInsert,rest,limited,metadata-only over ResourceStore (no control plane)
compute,Compute.FirewallsList,rest,limited,metadata-only over ResourceStore (no control plane)
compute,Compute.InstancesAggregatedList,rest,limited,metadata-only over ResourceStore (no control plane)
compute,Compute.InstancesDelete,rest,limited,metadata-only over ResourceStore (no control plane)
compute,Compute.InstancesGet,rest,limited,metadata-only over ResourceStore (no control plane)
compute,Compute.InstancesInsert,rest,limited,metadata-only over ResourceStore (no control plane)
compute,Compute.InstancesList,rest,limited,metadata-only over ResourceStore (no control plane)
compute,Compute.InstancesReset,rest,limited,metadata-only over ResourceStore (no control plane)
compute,Compute.InstancesStart,rest,limited,metadata-only over ResourceStore (no control plane)
compute,Compute.InstancesStop,rest,limited,metadata-only over ResourceStore (no control plane)
compute,Compute.MachineTypesGet,rest,limited,metadata-only over ResourceStore (no control plane)
compute,Compute.MachineTypesList,rest,limited,metadata-only over ResourceStore (no control plane)
compute,Compute.NetworksDelete,rest,limited,metadata-only over ResourceStore (no control plane)
compute,Compute.NetworksGet,rest,limited,metadata-only over ResourceStore (no control plane)
compute,Compute.NetworksInsert,rest,limited,metadata-only over ResourceStore (no control plane)
compute,Compute.NetworksList,rest,limited,metadata-only over ResourceStore (no control plane)
compute,Compute.OperationsGet,rest,limited,metadata-only over ResourceStore (no control plane)
compute,Compute.OperationsList,rest,limited,metadata-only over ResourceStore (no control plane)
compute,Compute.RegionsGet,rest,limited,metadata-only over ResourceStore (no control plane)
compute,Compute.RegionsList,rest,limited,metadata-only over ResourceStore (no control plane)
compute,Compute.SubnetworksDelete,rest,limited,metadata-only over ResourceStore (no control plane)
compute,Compute.SubnetworksGet,rest,limited,metadata-only over ResourceStore (no control plane)
compute,Compute.SubnetworksInsert,rest,limited,metadata-only over ResourceStore (no control plane)
compute,Compute.SubnetworksList,rest,limited,metadata-only over ResourceStore (no control plane)
compute,Compute.Unimplemented,rest,unsupported,explicit Unimplemented stub
compute,Compute.ZonesGet,rest,limited,metadata-only over ResourceStore (no control plane)
compute,Compute.ZonesList,rest,limited,metadata-only over ResourceStore (no control plane)
container,CancelOperation,grpc,ga,
container,CheckAutopilotCompatibility,grpc,unsupported,Autopilot is not modelled; explicit Unimplemented stub
container,CompleteControlPlaneUpgrade,grpc,unsupported,no real control-plane upgrade lifecycle to complete; explicit Unimplemented stub
container,CompleteIPRotation,grpc,ga,
container,CompleteNodePoolUpgrade,grpc,unsupported,no real node-pool upgrade lifecycle to complete; explicit Unimplemented stub
container,Container.CancelOperation,rest,ga,
container,Container.CompleteIPRotation,rest,ga,
container,Container.CreateCluster,rest,ga,
container,Container.CreateNodePool,rest,ga,
container,Container.DeleteCluster,rest,ga,
container,Container.DeleteNodePool,rest,ga,
container,Container.GetCluster,rest,ga,
container,Container.GetNodePool,rest,ga,
container,Container.GetOperation,rest,ga,
container,Container.ListClusters,rest,ga,
container,Container.ListNodePools,rest,ga,
container,Container.ListOperations,rest,ga,
container,Container.RollbackNodePoolUpgrade,rest,ga,
container,Container.SetAddonsConfig,rest,ga,
container,Container.SetLabels,rest,ga,
container,Container.SetLegacyAbac,rest,ga,
container,Container.SetLocations,rest,ga,
container,Container.SetLoggingService,rest,ga,
container,Container.SetMaintenancePolicy,rest,ga,
container,Container.SetMasterAuth,rest,ga,
container,Container.SetMonitoringService,rest,ga,
container,Container.SetNetworkPolicy,rest,ga,
container,Container.SetNodePoolAutoscaling,rest,ga,
container,Container.SetNodePoolManagement,rest,ga,
container,Container.SetNodePoolSize,rest,ga,
container,Container.StartIPRotation,rest,ga,
container,Container.UpdateCluster,rest,ga,
container,Container.UpdateMaster,rest,ga,
container,Container.UpdateNodePool,rest,ga,
container,CreateCluster,grpc,ga,
container,CreateNodePool,grpc,ga,
container,DeleteCluster,grpc,ga,
container,DeleteNodePool,grpc,ga,
container,FetchClusterUpgradeInfo,grpc,unsupported,no real control-plane upgrade info source; explicit Unimplemented stub
container,FetchNodePoolUpgradeInfo,grpc,unsupported,no real node-pool upgrade info source; explicit Unimplemented stub
container,GetCluster,grpc,ga,
container,GetJSONWebKeys,grpc,unsupported,cluster signing JWKS are not modelled; explicit Unimplemented stub
container,GetNodePool,grpc,ga,
container,GetOperation,grpc,ga,
container,GetServerConfig,grpc,unsupported,server config (valid versions/channels) is not modelled; explicit Unimplemented stub
container,ListClusters,grpc,ga,
container,ListNodePools,grpc,ga,
container,ListOperations,grpc,ga,
container,ListUsableSubnetworks,grpc,unsupported,usable-subnetwork discovery requires a Compute subnet catalog; explicit Unimplemented stub
container,RollbackNodePoolUpgrade,grpc,ga,
container,SetAddonsConfig,grpc,ga,
container,SetLabels,grpc,ga,
container,SetLegacyAbac,grpc,ga,
container,SetLocations,grpc,ga,
container,SetLoggingService,grpc,ga,
container,SetMaintenancePolicy,grpc,ga,
container,SetMasterAuth,grpc,ga,
container,SetMonitoringService,grpc,ga,
container,SetNetworkPolicy,grpc,ga,
container,SetNodePoolAutoscaling,grpc,ga,
container,SetNodePoolManagement,grpc,ga,
container,SetNodePoolSize,grpc,ga,
container,StartIPRotation,grpc,ga,
container,UpdateCluster,grpc,ga,
container,UpdateMaster,grpc,ga,
container,UpdateNodePool,grpc,ga,
dataproc,CancelJob,grpc,ga,
dataproc,CreateCluster,grpc,ga,
dataproc,CreateWorkflowTemplate,grpc,ga,
dataproc,Dataproc.CancelJob,rest,ga,
dataproc,Dataproc.CreateCluster,rest,ga,
dataproc,Dataproc.CreateWorkflowTemplate,rest,ga,
dataproc,Dataproc.DeleteCluster,rest,ga,
dataproc,Dataproc.DeleteJob,rest,ga,
dataproc,Dataproc.DeleteWorkflowTemplate,rest,ga,
dataproc,Dataproc.DiagnoseCluster,rest,unsupported,explicit Unimplemented stub
dataproc,Dataproc.GetCluster,rest,ga,
dataproc,Dataproc.GetJob,rest,ga,
dataproc,Dataproc.GetOperation,rest,ga,
dataproc,Dataproc.GetWorkflowTemplate,rest,ga,
dataproc,Dataproc.InstantiateInlineWorkflowTemplate,rest,ga,
dataproc,Dataproc.InstantiateWorkflowTemplate,rest,ga,
dataproc,Dataproc.ListClusters,rest,ga,
dataproc,Dataproc.ListJobs,rest,ga,
dataproc,Dataproc.ListWorkflowTemplates,rest,ga,
dataproc,Dataproc.StartCluster,rest,ga,
dataproc,Dataproc.StopCluster,rest,ga,
dataproc,Dataproc.SubmitJob,rest,ga,"covered by the k3d Lakehouse e2e (real Spark on Kubernetes, GKE virtualClusterConfig + driver output in GCS)"
dataproc,Dataproc.SubmitJobAsOperation,rest,ga,
dataproc,Dataproc.UpdateCluster,rest,ga,
dataproc,Dataproc.UpdateWorkflowTemplate,rest,ga,
dataproc,DeleteCluster,grpc,ga,
dataproc,DeleteJob,grpc,ga,
dataproc,DeleteWorkflowTemplate,grpc,ga,
dataproc,DiagnoseCluster,grpc,unsupported,explicit Unimplemented stub
dataproc,GetCluster,grpc,ga,
dataproc,GetJob,grpc,ga,
dataproc,GetWorkflowTemplate,grpc,ga,
dataproc,InstantiateInlineWorkflowTemplate,grpc,ga,
dataproc,InstantiateWorkflowTemplate,grpc,ga,
dataproc,ListClusters,grpc,ga,
dataproc,ListJobs,grpc,ga,
dataproc,ListWorkflowTemplates,grpc,ga,
dataproc,StartCluster,grpc,ga,
dataproc,StopCluster,grpc,ga,
dataproc,SubmitJob,grpc,ga,
dataproc,SubmitJobAsOperation,grpc,ga,
dataproc,UpdateCluster,grpc,ga,
dataproc,UpdateJob,grpc,ga,
dataproc,UpdateWorkflowTemplate,grpc,ga,
datastore,AllocateIds,grpc,ga,
datastore,BeginTransaction,grpc,ga,
datastore,Commit,grpc,ga,
datastore,Datastore.AllocateIds,rest,ga,
datastore,Datastore.BeginTransaction,rest,ga,
datastore,Datastore.Commit,rest,ga,
datastore,Datastore.Lookup,rest,ga,
datastore,Datastore.ReserveIds,rest,ga,
datastore,Datastore.Rollback,rest,ga,
datastore,Datastore.RunAggregationQuery,rest,ga,
datastore,Datastore.RunQuery,rest,ga,
datastore,Lookup,grpc,ga,
datastore,ReserveIds,grpc,ga,
datastore,Rollback,grpc,ga,
datastore,RunAggregationQuery,grpc,ga,
datastore,RunQuery,grpc,ga,
eventarc,CreateChannel,grpc,ga,
eventarc,CreateChannelConnection,grpc,ga,
eventarc,CreateEnrollment,grpc,ga,
eventarc,CreateGoogleApiSource,grpc,ga,
eventarc,CreateMessageBus,grpc,ga,
eventarc,CreatePipeline,grpc,ga,
eventarc,CreateTrigger,grpc,ga,
eventarc,DeleteChannel,grpc,ga,
eventarc,DeleteChannelConnection,grpc,ga,
eventarc,DeleteEnrollment,grpc,ga,
eventarc,DeleteGoogleApiSource,grpc,ga,
eventarc,DeleteMessageBus,grpc,ga,
eventarc,DeletePipeline,grpc,ga,
eventarc,DeleteTrigger,grpc,ga,
eventarc,Eventarc.ChannelConnectionGetIamPolicy,rest,ga,
eventarc,Eventarc.ChannelConnectionSetIamPolicy,rest,ga,
eventarc,Eventarc.ChannelConnectionTestIamPermissions,rest,ga,
eventarc,Eventarc.ChannelGetIamPolicy,rest,ga,
eventarc,Eventarc.ChannelSetIamPolicy,rest,ga,
eventarc,Eventarc.ChannelTestIamPermissions,rest,ga,
eventarc,Eventarc.CreateChannel,rest,ga,
eventarc,Eventarc.CreateChannelConnection,rest,ga,
eventarc,Eventarc.CreateEnrollment,rest,ga,
eventarc,Eventarc.CreateGoogleApiSource,rest,ga,
eventarc,Eventarc.CreateMessageBus,rest,ga,
eventarc,Eventarc.CreatePipeline,rest,ga,
eventarc,Eventarc.CreateTrigger,rest,ga,
eventarc,Eventarc.DeleteChannel,rest,ga,
eventarc,Eventarc.DeleteChannelConnection,rest,ga,
eventarc,Eventarc.DeleteEnrollment,rest,ga,
eventarc,Eventarc.DeleteGoogleApiSource,rest,ga,
eventarc,Eventarc.DeleteMessageBus,rest,ga,
eventarc,Eventarc.DeletePipeline,rest,ga,
eventarc,Eventarc.DeleteTrigger,rest,ga,
eventarc,Eventarc.EnrollmentGetIamPolicy,rest,ga,
eventarc,Eventarc.EnrollmentSetIamPolicy,rest,ga,
eventarc,Eventarc.EnrollmentTestIamPermissions,rest,ga,
eventarc,Eventarc.GetChannel,rest,ga,
eventarc,Eventarc.GetChannelConnection,rest,ga,
eventarc,Eventarc.GetEnrollment,rest,ga,
eventarc,Eventarc.GetGoogleApiSource,rest,ga,
eventarc,Eventarc.GetGoogleChannelConfig,rest,ga,
eventarc,Eventarc.GetMessageBus,rest,ga,
eventarc,Eventarc.GetPipeline,rest,ga,
eventarc,Eventarc.GetProvider,rest,ga,
eventarc,Eventarc.GetTrigger,rest,ga,
eventarc,Eventarc.GoogleApiSourceGetIamPolicy,rest,ga,
eventarc,Eventarc.GoogleApiSourceSetIamPolicy,rest,ga,
eventarc,Eventarc.GoogleApiSourceTestIamPermissions,rest,ga,
eventarc,Eventarc.ListChannelConnections,rest,ga,
eventarc,Eventarc.ListChannels,rest,ga,
eventarc,Eventarc.ListEnrollments,rest,ga,
eventarc,Eventarc.ListGoogleApiSources,rest,ga,
eventarc,Eventarc.ListMessageBusEnrollments,rest,ga,
eventarc,Eventarc.ListMessageBuses,rest,ga,
eventarc,Eventarc.ListPipelines,rest,ga,
eventarc,Eventarc.ListProviders,rest,ga,
eventarc,Eventarc.ListTriggers,rest,ga,
eventarc,Eventarc.MessageBusGetIamPolicy,rest,ga,
eventarc,Eventarc.MessageBusSetIamPolicy,rest,ga,
eventarc,Eventarc.MessageBusTestIamPermissions,rest,ga,
eventarc,Eventarc.PipelineGetIamPolicy,rest,ga,
eventarc,Eventarc.PipelineSetIamPolicy,rest,ga,
eventarc,Eventarc.PipelineTestIamPermissions,rest,ga,
eventarc,Eventarc.TriggerGetIamPolicy,rest,ga,
eventarc,Eventarc.TriggerSetIamPolicy,rest,ga,
eventarc,Eventarc.TriggerTestIamPermissions,rest,ga,
eventarc,Eventarc.UpdateChannel,rest,ga,
eventarc,Eventarc.UpdateEnrollment,rest,ga,
eventarc,Eventarc.UpdateGoogleApiSource,rest,ga,
eventarc,Eventarc.UpdateGoogleChannelConfig,rest,ga,
eventarc,Eventarc.UpdateMessageBus,rest,ga,
eventarc,Eventarc.UpdatePipeline,rest,ga,
eventarc,Eventarc.UpdateTrigger,rest,ga,
eventarc,GetChannel,grpc,ga,
eventarc,GetChannelConnection,grpc,ga,
eventarc,GetEnrollment,grpc,ga,
eventarc,GetGoogleApiSource,grpc,ga,
eventarc,GetGoogleChannelConfig,grpc,ga,
eventarc,GetMessageBus,grpc,ga,
eventarc,GetPipeline,grpc,ga,
eventarc,GetProvider,grpc,ga,
eventarc,GetTrigger,grpc,ga,
eventarc,ListChannelConnections,grpc,ga,
eventarc,ListChannels,grpc,ga,
eventarc,ListEnrollments,grpc,ga,
eventarc,ListGoogleApiSources,grpc,ga,
eventarc,ListMessageBusEnrollments,grpc,ga,
eventarc,ListMessageBuses,grpc,ga,
eventarc,ListPipelines,grpc,ga,
eventarc,ListProviders,grpc,ga,
eventarc,ListTriggers,grpc,ga,
eventarc,UpdateChannel,grpc,ga,
eventarc,UpdateEnrollment,grpc,ga,
eventarc,UpdateGoogleApiSource,grpc,ga,
eventarc,UpdateGoogleChannelConfig,grpc,ga,
eventarc,UpdateMessageBus,grpc,ga,
eventarc,UpdatePipeline,grpc,ga,
eventarc,UpdateTrigger,grpc,ga,
firestore,BatchGetDocuments,grpc,ga,
firestore,BatchWrite,grpc,ga,
firestore,BeginTransaction,grpc,ga,
firestore,Commit,grpc,ga,
firestore,CreateDocument,grpc,ga,
firestore,DeleteDocument,grpc,ga,
firestore,ExecutePipeline,grpc,ga,
firestore,Firestore.BatchGet,rest,ga,
firestore,Firestore.BatchWrite,rest,ga,
firestore,Firestore.BeginTransaction,rest,ga,
firestore,Firestore.Commit,rest,ga,
firestore,Firestore.CreateDocument,rest,ga,
firestore,Firestore.CreateIndex,rest,ga,
firestore,Firestore.DeleteDocument,rest,ga,
firestore,Firestore.DeleteIndex,rest,ga,
firestore,Firestore.GetDocument,rest,ga,
firestore,Firestore.GetIndex,rest,ga,
firestore,Firestore.ListCollectionIds,rest,ga,
firestore,Firestore.ListDocuments,rest,ga,
firestore,Firestore.ListIndexes,rest,ga,
firestore,Firestore.PatchDocument,rest,ga,
firestore,Firestore.Rollback,rest,ga,
firestore,Firestore.RunQuery,rest,ga,
firestore,GetDocument,grpc,ga,
firestore,ListCollectionIds,grpc,ga,
firestore,ListDocuments,grpc,ga,
firestore,Listen,grpc,ga,
firestore,PartitionQuery,grpc,ga,
firestore,Rollback,grpc,ga,
firestore,RunAggregationQuery,grpc,ga,
firestore,RunQuery,grpc,ga,
firestore,UpdateDocument,grpc,ga,
firestore,Write,grpc,ga,
firestoreadmin,BulkDeleteDocuments,grpc,unsupported,requires a real data-plane delete; explicit Unimplemented stub
firestoreadmin,CloneDatabase,grpc,unsupported,requires a real data-plane copy; explicit Unimplemented stub
firestoreadmin,CreateBackupSchedule,grpc,ga,
firestoreadmin,CreateDatabase,grpc,ga,
firestoreadmin,CreateIndex,grpc,ga,
firestoreadmin,CreateUserCreds,grpc,ga,
firestoreadmin,DeleteBackup,grpc,ga,
firestoreadmin,DeleteBackupSchedule,grpc,ga,
firestoreadmin,DeleteDatabase,grpc,ga,
firestoreadmin,DeleteIndex,grpc,ga,
firestoreadmin,DeleteUserCreds,grpc,ga,
firestoreadmin,DisableUserCreds,grpc,ga,
firestoreadmin,EnableUserCreds,grpc,ga,
firestoreadmin,ExportDocuments,grpc,unsupported,requires a GCS bucket + Firestore export format; explicit Unimplemented stub
firestoreadmin,GetBackup,grpc,ga,
firestoreadmin,GetBackupSchedule,grpc,ga,
firestoreadmin,GetDatabase,grpc,ga,
firestoreadmin,GetField,grpc,ga,
firestoreadmin,GetIndex,grpc,ga,
firestoreadmin,GetUserCreds,grpc,ga,
firestoreadmin,ImportDocuments,grpc,unsupported,requires a GCS bucket + Firestore export format; explicit Unimplemented stub
firestoreadmin,ListBackupSchedules,grpc,ga,
firestoreadmin,ListBackups,grpc,ga,
firestoreadmin,ListDatabases,grpc,ga,
firestoreadmin,ListFields,grpc,ga,
firestoreadmin,ListIndexes,grpc,ga,
firestoreadmin,ListUserCreds,grpc,ga,
firestoreadmin,ResetUserPassword,grpc,ga,
firestoreadmin,RestoreDatabase,grpc,unsupported,requires a real backup snapshot; explicit Unimplemented stub
firestoreadmin,UpdateBackupSchedule,grpc,ga,
firestoreadmin,UpdateDatabase,grpc,ga,
firestoreadmin,UpdateField,grpc,ga,
functions,CallFunction,grpc,ga,
functions,CreateFunction,grpc,ga,
functions,DeleteFunction,grpc,ga,
functions,Function.AbortFunctionUpgrade,rest,ga,
functions,Function.CallFunction,rest,ga,
functions,Function.CancelOperation,rest,ga,"shared google.longrunning.Operations.CancelOperation common API; not enumerated in the service Discovery document, but served (POST /v2/projects/{p}/locations/{l}/operations/{id}:cancel) and wire-tested"
functions,Function.CommitFunctionUpgrade,rest,ga,
functions,Function.CommitFunctionUpgradeAsGen2,rest,ga,
functions,Function.CreateFunction,rest,ga,
functions,Function.DeleteFunction,rest,ga,
functions,Function.DeleteOperation,rest,ga,"shared google.longrunning.Operations.DeleteOperation common API; not enumerated in the service Discovery document, but served (DELETE /v2/projects/{p}/locations/{l}/operations/{id}) and wire-tested"
functions,Function.DetachFunction,rest,ga,
functions,Function.FunctionGetIamPolicy,rest,ga,
functions,Function.FunctionSetIamPolicy,rest,ga,
functions,Function.FunctionTestIamPermissions,rest,ga,
functions,Function.GenerateDownloadUrl,rest,ga,
functions,Function.GenerateUploadUrl,rest,ga,
functions,Function.GetFunction,rest,ga,
functions,Function.GetLocation,rest,ga,"shared google.cloud.location.Locations.GetLocation common API; not enumerated in the service Discovery document, but served (GET /v1/projects/{p}/locations/{l}) and wire-tested"
functions,Function.GetOperation,rest,ga,
functions,Function.InvokeTrigger,rest,ga,"deployed function's HTTPS-trigger URL (a function URL host, not a Discovery method); served at {location}-{project}.cloudfunctions.net/{functionId} and wire-tested"
functions,Function.ListFunctions,rest,ga,
functions,Function.ListLocations,rest,ga,
functions,Function.ListOperations,rest,ga,
functions,Function.ListRuntimes,rest,ga,
functions,Function.RedirectFunctionUpgradeTraffic,rest,ga,
functions,Function.RollbackFunctionUpgradeTraffic,rest,ga,
functions,Function.SetupFunctionUpgradeConfig,rest,ga,
functions,Function.UpdateFunction,rest,ga,
functions,Function.WaitOperation,rest,ga,google.longrunning.Operations.WaitOperation common API (gRPC-only in the canonical proto — no HTTP annotation); the emulator additionally serves it at POST /v2/projects/{p}/locations/{l}/operations/{id}:wait and wire-tests it
functions,GenerateDownloadUrl,grpc,ga,
functions,GenerateUploadUrl,grpc,ga,
functions,GetFunction,grpc,ga,
functions,GetIamPolicy,grpc,ga,
functions,ListFunctions,grpc,ga,
functions,ListRuntimes,grpc,ga,
functions,SetIamPolicy,grpc,ga,
functions,TestIamPermissions,grpc,ga,
functions,UpdateFunction,grpc,ga,
iam,GetIamPolicy,grpc,ga,
iam,IAM.ServiceAccountCreate,rest,ga,
iam,IAM.ServiceAccountDelete,rest,ga,
iam,IAM.ServiceAccountDisable,rest,ga,
iam,IAM.ServiceAccountEnable,rest,ga,
iam,IAM.ServiceAccountGet,rest,ga,
iam,IAM.ServiceAccountGetIamPolicy,rest,ga,
iam,IAM.ServiceAccountKeyCreate,rest,ga,
iam,IAM.ServiceAccountKeyDelete,rest,ga,
iam,IAM.ServiceAccountKeyDisable,rest,ga,
iam,IAM.ServiceAccountKeyEnable,rest,ga,
iam,IAM.ServiceAccountKeyGet,rest,ga,
iam,IAM.ServiceAccountKeyList,rest,ga,
iam,IAM.ServiceAccountList,rest,ga,
iam,IAM.ServiceAccountPatch,rest,ga,
iam,IAM.ServiceAccountSetIamPolicy,rest,ga,
iam,IAM.ServiceAccountSignBlob,rest,ga,
iam,IAM.ServiceAccountSignJwt,rest,ga,
iam,IAM.ServiceAccountTestIamPermissions,rest,ga,
iam,IAM.ServiceAccountUndelete,rest,ga,
iam,IAM.ServiceAccountUpdate,rest,ga,
iam,SetIamPolicy,grpc,ga,
iam,TestIamPermissions,grpc,ga,
iamcredentials,GenerateAccessToken,grpc,ga,
iamcredentials,GenerateIdToken,grpc,ga,
iamcredentials,IAMCredentials.GenerateAccessToken,rest,ga,
iamcredentials,IAMCredentials.GenerateIdToken,rest,ga,
iamcredentials,IAMCredentials.GetAllowedLocations,rest,ga,
iamcredentials,SignBlob,grpc,ga,
iamcredentials,SignJwt,grpc,ga,
iceberg,Iceberg.CommitTable,rest,preview,BigLake Iceberg REST catalog; no official Discovery document
iceberg,Iceberg.CreateNamespace,rest,preview,BigLake Iceberg REST catalog; no official Discovery document
iceberg,Iceberg.CreateTable,rest,preview,BigLake Iceberg REST catalog; no official Discovery document
iceberg,Iceberg.DropNamespace,rest,preview,BigLake Iceberg REST catalog; no official Discovery document
iceberg,Iceberg.DropTable,rest,preview,BigLake Iceberg REST catalog; no official Discovery document
iceberg,Iceberg.GetConfig,rest,preview,BigLake Iceberg REST catalog; no official Discovery document
iceberg,Iceberg.GetNamespace,rest,preview,BigLake Iceberg REST catalog; no official Discovery document
iceberg,Iceberg.ListNamespaces,rest,preview,BigLake Iceberg REST catalog; no official Discovery document
iceberg,Iceberg.ListTables,rest,preview,BigLake Iceberg REST catalog; no official Discovery document
iceberg,Iceberg.LoadTable,rest,preview,BigLake Iceberg REST catalog; no official Discovery document
iceberg,Iceberg.NamespaceExists,rest,preview,BigLake Iceberg REST catalog; no official Discovery document
iceberg,Iceberg.RenameTable,rest,preview,BigLake Iceberg REST catalog; no official Discovery document
iceberg,Iceberg.TableMetrics,rest,preview,BigLake Iceberg REST catalog; no official Discovery document
iceberg,Iceberg.UpdateNamespaceProperties,rest,preview,BigLake Iceberg REST catalog; no official Discovery document
kms,AsymmetricDecrypt,grpc,ga,
kms,AsymmetricSign,grpc,ga,
kms,CreateCryptoKey,grpc,ga,
kms,CreateCryptoKeyVersion,grpc,ga,
kms,CreateImportJob,grpc,ga,
kms,CreateKeyRing,grpc,ga,
kms,Decapsulate,grpc,ga,
kms,Decrypt,grpc,ga,
kms,DeleteCryptoKey,grpc,ga,
kms,DeleteCryptoKeyVersion,grpc,ga,
kms,DestroyCryptoKeyVersion,grpc,ga,
kms,Encrypt,grpc,ga,
kms,ExportTrustedKeyWrappedCryptoKeyVersion,grpc,ga,
kms,GenerateRandomBytes,grpc,ga,
kms,GetCryptoKey,grpc,ga,
kms,GetCryptoKeyVersion,grpc,ga,
kms,GetImportJob,grpc,ga,
kms,GetKeyRing,grpc,ga,
kms,GetPublicKey,grpc,ga,
kms,GetRetiredResource,grpc,ga,
kms,ImportCryptoKeyVersion,grpc,ga,
kms,ImportTrustedKeyWrappedCryptoKeyVersion,grpc,ga,
kms,KMS.CryptoKeyCreate,rest,ga,
kms,KMS.CryptoKeyDecrypt,rest,ga,
kms,KMS.CryptoKeyDelete,rest,ga,
kms,KMS.CryptoKeyEncrypt,rest,ga,
kms,KMS.CryptoKeyGet,rest,ga,
kms,KMS.CryptoKeyGetIamPolicy,rest,ga,
kms,KMS.CryptoKeyList,rest,ga,
kms,KMS.CryptoKeySetIamPolicy,rest,ga,
kms,KMS.CryptoKeyTestIamPermissions,rest,ga,
kms,KMS.CryptoKeyUpdatePrimaryVersion,rest,ga,
kms,KMS.CryptoKeyVersionAsymmetricDecrypt,rest,ga,
kms,KMS.CryptoKeyVersionAsymmetricSign,rest,ga,
kms,KMS.CryptoKeyVersionCreate,rest,ga,
kms,KMS.CryptoKeyVersionDecapsulate,rest,ga,
kms,KMS.CryptoKeyVersionDelete,rest,ga,
kms,KMS.CryptoKeyVersionDestroy,rest,ga,
kms,KMS.CryptoKeyVersionExportTrusted,rest,ga,
kms,KMS.CryptoKeyVersionGet,rest,ga,
kms,KMS.CryptoKeyVersionGetPublicKey,rest,ga,
kms,KMS.CryptoKeyVersionImport,rest,ga,
kms,KMS.CryptoKeyVersionImportTrusted,rest,ga,
kms,KMS.CryptoKeyVersionList,rest,ga,
kms,KMS.CryptoKeyVersionMacSign,rest,ga,
kms,KMS.CryptoKeyVersionMacVerify,rest,ga,
kms,KMS.CryptoKeyVersionRestore,rest,ga,
kms,KMS.CryptoKeyVersionUpdate,rest,ga,
kms,KMS.ImportJobCreate,rest,ga,
kms,KMS.ImportJobGet,rest,ga,
kms,KMS.ImportJobList,rest,ga,
kms,KMS.KeyRingCreate,rest,ga,
kms,KMS.KeyRingGet,rest,ga,
kms,KMS.KeyRingGetIamPolicy,rest,ga,
kms,KMS.KeyRingList,rest,ga,
kms,KMS.KeyRingSetIamPolicy,rest,ga,
kms,KMS.KeyRingTestIamPermissions,rest,ga,
kms,ListCryptoKeyVersions,grpc,ga,
kms,ListCryptoKeys,grpc,ga,
kms,ListImportJobs,grpc,ga,
kms,ListKeyRings,grpc,ga,
kms,ListRetiredResources,grpc,ga,
kms,MacSign,grpc,ga,
kms,MacVerify,grpc,ga,
kms,RawDecrypt,grpc,ga,
kms,RawEncrypt,grpc,ga,
kms,RestoreCryptoKeyVersion,grpc,ga,
kms,UpdateCryptoKey,grpc,ga,
kms,UpdateCryptoKeyPrimaryVersion,grpc,ga,
kms,UpdateCryptoKeyVersion,grpc,ga,
logging,CopyLogEntries,grpc,unsupported,cross-project log copy is not modelled; explicit Unimplemented stub
logging,CreateBucket,grpc,ga,
logging,CreateBucketAsync,grpc,ga,
logging,CreateExclusion,grpc,ga,
logging,CreateLink,grpc,ga,
logging,CreateLogMetric,grpc,ga,
logging,CreateSink,grpc,ga,
logging,CreateView,grpc,ga,
logging,DeleteBucket,grpc,ga,
logging,DeleteExclusion,grpc,ga,
logging,DeleteLink,grpc,ga,
logging,DeleteLog,grpc,ga,
logging,DeleteLogMetric,grpc,ga,
logging,DeleteSink,grpc,ga,
logging,DeleteView,grpc,ga,
logging,GetBucket,grpc,ga,
logging,GetCmekSettings,grpc,ga,
logging,GetExclusion,grpc,ga,
logging,GetLink,grpc,ga,
logging,GetLogMetric,grpc,ga,
logging,GetSettings,grpc,ga,
logging,GetSink,grpc,ga,
logging,GetView,grpc,ga,
logging,ListBuckets,grpc,ga,
logging,ListExclusions,grpc,ga,
logging,ListLinks,grpc,ga,
logging,ListLogEntries,grpc,ga,
logging,ListLogMetrics,grpc,ga,
logging,ListLogs,grpc,ga,
logging,ListMonitoredResourceDescriptors,grpc,ga,
logging,ListSinks,grpc,ga,
logging,ListViews,grpc,ga,
logging,Logging.BucketCreate,rest,ga,
logging,Logging.BucketCreateAsync,rest,ga,
logging,Logging.BucketDelete,rest,ga,
logging,Logging.BucketGet,rest,ga,
logging,Logging.BucketList,rest,ga,
logging,Logging.BucketUndelete,rest,ga,
logging,Logging.BucketUpdate,rest,ga,
logging,Logging.BucketUpdateAsync,rest,ga,
logging,Logging.CmekGet,rest,ga,
logging,Logging.CmekUpdate,rest,ga,
logging,Logging.EntryList,rest,ga,
logging,Logging.EntryWrite,rest,ga,
logging,Logging.ExclusionCreate,rest,ga,
logging,Logging.ExclusionDelete,rest,ga,
logging,Logging.ExclusionGet,rest,ga,
logging,Logging.ExclusionList,rest,ga,
logging,Logging.ExclusionPatch,rest,ga,
logging,Logging.LinkCreate,rest,ga,
logging,Logging.LinkDelete,rest,ga,
logging,Logging.LinkGet,rest,ga,
logging,Logging.LinkList,rest,ga,
logging,Logging.LogDelete,rest,ga,
logging,Logging.LogList,rest,ga,
logging,Logging.LogScopeCreate,rest,ga,
logging,Logging.LogScopeDelete,rest,ga,
logging,Logging.LogScopeGet,rest,ga,
logging,Logging.LogScopeList,rest,ga,
logging,Logging.LogScopeUpdate,rest,ga,
logging,Logging.MetricCreate,rest,ga,
logging,Logging.MetricDelete,rest,ga,
logging,Logging.MetricGet,rest,ga,
logging,Logging.MetricList,rest,ga,
logging,Logging.MetricUpdate,rest,ga,
logging,Logging.MonitoredResourceDescriptorList,rest,ga,
logging,Logging.SettingsGet,rest,ga,
logging,Logging.SettingsUpdate,rest,ga,
logging,Logging.SinkCreate,rest,ga,
logging,Logging.SinkDelete,rest,ga,
logging,Logging.SinkGet,rest,ga,
logging,Logging.SinkList,rest,ga,
logging,Logging.SinkPatch,rest,ga,
logging,Logging.SinkUpdate,rest,ga,
logging,Logging.ViewCreate,rest,ga,
logging,Logging.ViewDelete,rest,ga,
logging,Logging.ViewGet,rest,ga,
logging,Logging.ViewGetIamPolicy,rest,ga,
logging,Logging.ViewList,rest,ga,
logging,Logging.ViewSetIamPolicy,rest,ga,
logging,Logging.ViewTestIamPermissions,rest,ga,
logging,Logging.ViewUpdate,rest,ga,
logging,TailLogEntries,grpc,limited,bounded store-poll tail whose latency derives from buffer_window; no deterministic conformance assertion exists
logging,UndeleteBucket,grpc,ga,
logging,UpdateBucket,grpc,ga,
logging,UpdateBucketAsync,grpc,ga,
logging,UpdateCmekSettings,grpc,ga,
logging,UpdateExclusion,grpc,ga,
logging,UpdateLogMetric,grpc,ga,
logging,UpdateSettings,grpc,ga,
logging,UpdateSink,grpc,ga,
logging,UpdateView,grpc,ga,
logging,WriteLogEntries,grpc,ga,
managedkafka,AddAclEntry,grpc,ga,
managedkafka,CreateAcl,grpc,ga,
managedkafka,CreateCluster,grpc,ga,
managedkafka,CreateTopic,grpc,ga,
managedkafka,DeleteAcl,grpc,ga,
managedkafka,DeleteCluster,grpc,ga,
managedkafka,DeleteConsumerGroup,grpc,ga,
managedkafka,DeleteTopic,grpc,ga,
managedkafka,GetAcl,grpc,ga,
managedkafka,GetCluster,grpc,ga,
managedkafka,GetConsumerGroup,grpc,ga,
managedkafka,GetTopic,grpc,ga,
managedkafka,ListAcls,grpc,ga,
managedkafka,ListClusters,grpc,ga,
managedkafka,ListConsumerGroups,grpc,ga,
managedkafka,ListTopics,grpc,ga,
managedkafka,ManagedKafka.AddAclEntry,rest,ga,
managedkafka,ManagedKafka.CreateAcl,rest,ga,
managedkafka,ManagedKafka.CreateCluster,rest,ga,
managedkafka,ManagedKafka.CreateTopic,rest,ga,
managedkafka,ManagedKafka.DeleteAcl,rest,ga,
managedkafka,ManagedKafka.DeleteCluster,rest,ga,
managedkafka,ManagedKafka.DeleteConsumerGroup,rest,ga,
managedkafka,ManagedKafka.DeleteTopic,rest,ga,
managedkafka,ManagedKafka.GetAcl,rest,ga,
managedkafka,ManagedKafka.GetCluster,rest,ga,
managedkafka,ManagedKafka.GetConsumerGroup,rest,ga,
managedkafka,ManagedKafka.GetOperation,rest,ga,
managedkafka,ManagedKafka.GetTopic,rest,ga,
managedkafka,ManagedKafka.ListAcls,rest,ga,
managedkafka,ManagedKafka.ListClusters,rest,ga,
managedkafka,ManagedKafka.ListConsumerGroups,rest,ga,
managedkafka,ManagedKafka.ListOperations,rest,ga,
managedkafka,ManagedKafka.ListTopics,rest,ga,
managedkafka,ManagedKafka.RemoveAclEntry,rest,ga,
managedkafka,ManagedKafka.UpdateAcl,rest,ga,
managedkafka,ManagedKafka.UpdateCluster,rest,ga,
managedkafka,ManagedKafka.UpdateConsumerGroup,rest,ga,
managedkafka,ManagedKafka.UpdateTopic,rest,ga,
managedkafka,RemoveAclEntry,grpc,ga,
managedkafka,UpdateAcl,grpc,ga,
managedkafka,UpdateCluster,grpc,ga,
managedkafka,UpdateConsumerGroup,grpc,ga,
managedkafka,UpdateTopic,grpc,ga,
memorystore,Memorystore.CreateInstance,rest,limited,metadata-only over ResourceStore (no data plane)
memorystore,Memorystore.DeleteInstance,rest,limited,metadata-only over ResourceStore (no data plane)
memorystore,Memorystore.GetInstance,rest,limited,metadata-only over ResourceStore (no data plane)
memorystore,Memorystore.GetLocation,rest,limited,metadata-only over ResourceStore (no data plane)
memorystore,Memorystore.ListInstances,rest,limited,metadata-only over ResourceStore (no data plane)
memorystore,Memorystore.ListLocations,rest,limited,metadata-only over ResourceStore (no data plane)
memorystore,Memorystore.UpdateInstance,rest,limited,metadata-only over ResourceStore (no data plane)
memorystore,Memorystore.UpgradeInstance,rest,limited,metadata-only over ResourceStore (no data plane)
metastore,AlterMetadataResourceLocation,grpc,unsupported,the gRPC metadata mutation plane is not modelled; explicit Unimplemented stub
metastore,CreateBackup,grpc,ga,
metastore,CreateFederation,grpc,ga,
metastore,CreateMetadataImport,grpc,ga,
metastore,CreateService,grpc,ga,
metastore,DeleteBackup,grpc,ga,
metastore,DeleteFederation,grpc,ga,
metastore,DeleteService,grpc,ga,
metastore,ExportMetadata,grpc,unsupported,Hive Thrift metadata export is not modelled; explicit Unimplemented stub
metastore,GetBackup,grpc,ga,
metastore,GetFederation,grpc,ga,
metastore,GetMetadataImport,grpc,ga,
metastore,GetService,grpc,ga,
metastore,ListBackups,grpc,ga,
metastore,ListFederations,grpc,ga,
metastore,ListMetadataImports,grpc,ga,
metastore,ListServices,grpc,ga,
metastore,Metastore.AlterMetadataResourceLocation,rest,unsupported,explicit Unimplemented stub
metastore,Metastore.BackupGetIamPolicy,rest,ga,
metastore,Metastore.BackupSetIamPolicy,rest,ga,
metastore,Metastore.CreateBackup,rest,ga,
metastore,Metastore.CreateFederation,rest,ga,
metastore,Metastore.CreateMetadataImport,rest,ga,
metastore,Metastore.CreateService,rest,ga,
metastore,Metastore.DatabaseGetIamPolicy,rest,ga,
metastore,Metastore.DatabaseSetIamPolicy,rest,ga,
metastore,Metastore.DeleteBackup,rest,ga,
metastore,Metastore.DeleteFederation,rest,ga,
metastore,Metastore.DeleteService,rest,ga,
metastore,Metastore.ExportMetadata,rest,unsupported,explicit Unimplemented stub
metastore,Metastore.FederationGetIamPolicy,rest,ga,
metastore,Metastore.FederationSetIamPolicy,rest,ga,
metastore,Metastore.FederationTestIamPermissions,rest,ga,
metastore,Metastore.GetBackup,rest,ga,
metastore,Metastore.GetFederation,rest,ga,
metastore,Metastore.GetMetadataImport,rest,ga,
metastore,Metastore.GetOperation,rest,ga,
metastore,Metastore.GetService,rest,ga,
metastore,Metastore.ListBackups,rest,ga,
metastore,Metastore.ListFederations,rest,ga,
metastore,Metastore.ListMetadataImports,rest,ga,
metastore,Metastore.ListOperations,rest,ga,
metastore,Metastore.ListServices,rest,ga,
metastore,Metastore.MoveTableToDatabase,rest,unsupported,explicit Unimplemented stub
metastore,Metastore.QueryMetadata,rest,unsupported,explicit Unimplemented stub
metastore,Metastore.RestoreService,rest,unsupported,explicit Unimplemented stub
metastore,Metastore.ServiceGetIamPolicy,rest,ga,
metastore,Metastore.ServiceSetIamPolicy,rest,ga,
metastore,Metastore.ServiceTestIamPermissions,rest,ga,
metastore,Metastore.TableGetIamPolicy,rest,ga,
metastore,Metastore.TableSetIamPolicy,rest,ga,
metastore,Metastore.UpdateFederation,rest,ga,
metastore,Metastore.UpdateMetadataImport,rest,ga,
metastore,Metastore.UpdateService,rest,ga,
metastore,MoveTableToDatabase,grpc,unsupported,the gRPC metadata mutation plane is not modelled; explicit Unimplemented stub
metastore,QueryMetadata,grpc,unsupported,the gRPC metadata query plane is not modelled; explicit Unimplemented stub
metastore,RestoreService,grpc,unsupported,Hive Thrift metadata restore is not modelled; explicit Unimplemented stub
metastore,UpdateFederation,grpc,ga,
metastore,UpdateMetadataImport,grpc,ga,
metastore,UpdateService,grpc,ga,
monitoring,CreateAlertPolicy,grpc,ga,
monitoring,CreateMetricDescriptor,grpc,ga,
monitoring,CreateNotificationChannel,grpc,ga,
monitoring,CreateService,grpc,ga,
monitoring,CreateServiceLevelObjective,grpc,ga,
monitoring,CreateServiceTimeSeries,grpc,ga,
monitoring,CreateTimeSeries,grpc,ga,
monitoring,DeleteAlertPolicy,grpc,ga,
monitoring,DeleteMetricDescriptor,grpc,ga,
monitoring,DeleteNotificationChannel,grpc,ga,
monitoring,DeleteService,grpc,ga,
monitoring,DeleteServiceLevelObjective,grpc,ga,
monitoring,GetAlertPolicy,grpc,ga,
monitoring,GetMetricDescriptor,grpc,ga,
monitoring,GetMonitoredResourceDescriptor,grpc,ga,
monitoring,GetNotificationChannel,grpc,ga,
monitoring,GetNotificationChannelDescriptor,grpc,ga,
monitoring,GetNotificationChannelVerificationCode,grpc,ga,
monitoring,GetService,grpc,ga,
monitoring,GetServiceLevelObjective,grpc,ga,
monitoring,ListAlertPolicies,grpc,ga,
monitoring,ListMetricDescriptors,grpc,ga,
monitoring,ListMonitoredResourceDescriptors,grpc,ga,
monitoring,ListNotificationChannelDescriptors,grpc,ga,
monitoring,ListNotificationChannels,grpc,ga,
monitoring,ListServiceLevelObjectives,grpc,ga,
monitoring,ListServices,grpc,ga,
monitoring,ListTimeSeries,grpc,ga,
monitoring,Monitoring.CreateAlertPolicy,rest,ga,
monitoring,Monitoring.CreateMetricDescriptor,rest,ga,
monitoring,Monitoring.CreateNotificationChannel,rest,ga,
monitoring,Monitoring.CreateService,rest,ga,
monitoring,Monitoring.CreateServiceLevelObjective,rest,ga,
monitoring,Monitoring.CreateServiceTimeSeries,rest,ga,
monitoring,Monitoring.CreateTimeSeries,rest,ga,
monitoring,Monitoring.DeleteAlertPolicy,rest,ga,
monitoring,Monitoring.DeleteMetricDescriptor,rest,ga,
monitoring,Monitoring.DeleteNotificationChannel,rest,ga,
monitoring,Monitoring.DeleteService,rest,ga,
monitoring,Monitoring.DeleteServiceLevelObjective,rest,ga,
monitoring,Monitoring.GetAlertPolicy,rest,ga,
monitoring,Monitoring.GetMetricDescriptor,rest,ga,
monitoring,Monitoring.GetMonitoredResourceDescriptor,rest,ga,
monitoring,Monitoring.GetNotificationChannel,rest,ga,
monitoring,Monitoring.GetNotificationChannelDescriptor,rest,ga,
monitoring,Monitoring.GetNotificationChannelVerificationCode,rest,ga,
monitoring,Monitoring.GetService,rest,ga,
monitoring,Monitoring.GetServiceLevelObjective,rest,ga,
monitoring,Monitoring.ListAlertPolicies,rest,ga,
monitoring,Monitoring.ListMetricDescriptors,rest,ga,
monitoring,Monitoring.ListMonitoredResourceDescriptors,rest,ga,
monitoring,Monitoring.ListNotificationChannelDescriptors,rest,ga,
monitoring,Monitoring.ListNotificationChannels,rest,ga,
monitoring,Monitoring.ListServiceLevelObjectives,rest,ga,
monitoring,Monitoring.ListServices,rest,ga,
monitoring,Monitoring.ListTimeSeries,rest,ga,
monitoring,Monitoring.SendNotificationChannelVerificationCode,rest,ga,
monitoring,Monitoring.UpdateAlertPolicy,rest,ga,
monitoring,Monitoring.UpdateNotificationChannel,rest,ga,
monitoring,Monitoring.UpdateService,rest,ga,
monitoring,Monitoring.UpdateServiceLevelObjective,rest,ga,
monitoring,Monitoring.VerifyNotificationChannel,rest,ga,
monitoring,SendNotificationChannelVerificationCode,grpc,ga,
monitoring,UpdateAlertPolicy,grpc,ga,
monitoring,UpdateNotificationChannel,grpc,ga,
monitoring,UpdateService,grpc,ga,
monitoring,UpdateServiceLevelObjective,grpc,ga,
monitoring,VerifyNotificationChannel,grpc,ga,
operations,CancelOperation,grpc,ga,
operations,DeleteOperation,grpc,ga,
operations,GetOperation,grpc,ga,
operations,ListOperations,grpc,ga,
operations,WaitOperation,grpc,ga,
pubsub,Acknowledge,grpc,ga,
pubsub,CreateSnapshot,grpc,ga,
pubsub,CreateSubscription,grpc,ga,
pubsub,CreateTopic,grpc,ga,
pubsub,DeleteSnapshot,grpc,ga,
pubsub,DeleteSubscription,grpc,ga,
pubsub,DeleteTopic,grpc,ga,
pubsub,DetachSubscription,grpc,ga,
pubsub,GetSnapshot,grpc,ga,
pubsub,GetSubscription,grpc,ga,
pubsub,GetTopic,grpc,ga,
pubsub,ListSnapshots,grpc,ga,
pubsub,ListSubscriptions,grpc,ga,
pubsub,ListTopicSnapshots,grpc,ga,
pubsub,ListTopicSubscriptions,grpc,ga,
pubsub,ListTopics,grpc,ga,
pubsub,ModifyAckDeadline,grpc,ga,
pubsub,ModifyPushConfig,grpc,ga,
pubsub,PubSub.SubscriptionAcknowledge,rest,ga,
pubsub,PubSub.SubscriptionCreate,rest,ga,
pubsub,PubSub.SubscriptionDelete,rest,ga,
pubsub,PubSub.SubscriptionDetach,rest,ga,
pubsub,PubSub.SubscriptionGet,rest,ga,
pubsub,PubSub.SubscriptionGetIamPolicy,rest,ga,
pubsub,PubSub.SubscriptionList,rest,ga,
pubsub,PubSub.SubscriptionModifyAckDeadline,rest,ga,
pubsub,PubSub.SubscriptionPull,rest,ga,
pubsub,PubSub.SubscriptionSetIamPolicy,rest,ga,
pubsub,PubSub.SubscriptionTestIamPermissions,rest,ga,
pubsub,PubSub.SubscriptionUpdate,rest,ga,
pubsub,PubSub.TopicCreate,rest,ga,
pubsub,PubSub.TopicDelete,rest,ga,
pubsub,PubSub.TopicGet,rest,ga,
pubsub,PubSub.TopicGetIamPolicy,rest,ga,
pubsub,PubSub.TopicList,rest,ga,
pubsub,PubSub.TopicPublish,rest,ga,
pubsub,PubSub.TopicSetIamPolicy,rest,ga,
pubsub,PubSub.TopicTestIamPermissions,rest,ga,
pubsub,Publish,grpc,ga,
pubsub,Pull,grpc,ga,
pubsub,Seek,grpc,ga,
pubsub,StreamingPull,grpc,ga,
pubsub,UpdateSnapshot,grpc,ga,
pubsub,UpdateSubscription,grpc,ga,
pubsub,UpdateTopic,grpc,ga,
resourcemanager,CreateProject,grpc,ga,
resourcemanager,DeleteProject,grpc,ga,
resourcemanager,GetIamPolicy,grpc,ga,
resourcemanager,GetProject,grpc,ga,
resourcemanager,ListProjects,grpc,ga,
resourcemanager,MoveProject,grpc,ga,
resourcemanager,ResourceManager.ProjectCreate,rest,ga,
resourcemanager,ResourceManager.ProjectDelete,rest,ga,
resourcemanager,ResourceManager.ProjectGet,rest,ga,
resourcemanager,ResourceManager.ProjectGetIamPolicy,rest,ga,
resourcemanager,ResourceManager.ProjectList,rest,ga,
resourcemanager,ResourceManager.ProjectSetIamPolicy,rest,ga,
resourcemanager,ResourceManager.ProjectTestIamPermissions,rest,ga,
resourcemanager,ResourceManager.ProjectUndelete,rest,ga,
resourcemanager,ResourceManager.ProjectUpdate,rest,ga,
resourcemanager,SearchProjects,grpc,ga,
resourcemanager,SetIamPolicy,grpc,ga,
resourcemanager,TestIamPermissions,grpc,ga,
resourcemanager,UndeleteProject,grpc,ga,
resourcemanager,UpdateProject,grpc,ga,
run,CreateService,grpc,ga,
run,DeleteRevision,grpc,ga,
run,DeleteService,grpc,ga,
run,GetIamPolicy,grpc,ga,
run,GetRevision,grpc,ga,
run,GetService,grpc,ga,
run,ListRevisions,grpc,ga,
run,ListServices,grpc,ga,
run,Run.CancelOperation,rest,ga,"shared google.longrunning.Operations.CancelOperation common API; not enumerated in the run v2 Discovery document (operations.get/list/delete/wait only), but served (POST /v2/projects/{p}/locations/{l}/operations/{id}:cancel) and wire-tested"
run,Run.CreateService,rest,ga,
run,Run.DeleteOperation,rest,ga,
run,Run.DeleteRevision,rest,ga,
run,Run.DeleteService,rest,ga,
run,Run.GetIamPolicy,rest,ga,
run,Run.GetOperation,rest,ga,
run,Run.GetRevision,rest,ga,
run,Run.GetService,rest,ga,
run,Run.Invoke,rest,ga,"Cloud Run data-plane invocation (the synthesized {service}-{token}.{location}.run.app host, or the legacy /run/v2/.../services/{svc}/<subpath> path form), not a Discovery method; served by the InvocationCodec/runtime seam and wire/unit-tested (mock resolves 503, the docker/k8s executor proxies to the revision)"
run,Run.ListOperations,rest,ga,
run,Run.ListRevisions,rest,ga,
run,Run.ListServices,rest,ga,
run,Run.SetIamPolicy,rest,ga,
run,Run.TestIamPermissions,rest,ga,
run,Run.UpdateService,rest,ga,
run,Run.WaitOperation,rest,ga,
run,SetIamPolicy,grpc,ga,
run,TestIamPermissions,grpc,ga,
run,UpdateService,grpc,ga,
scheduler,CreateJob,grpc,ga,
scheduler,DeleteJob,grpc,ga,
scheduler,GetJob,grpc,ga,
scheduler,ListJobs,grpc,ga,
scheduler,PauseJob,grpc,ga,
scheduler,ResumeJob,grpc,ga,
scheduler,RunJob,grpc,ga,
scheduler,Scheduler.JobsCreate,rest,ga,
scheduler,Scheduler.JobsDelete,rest,ga,
scheduler,Scheduler.JobsGet,rest,ga,
scheduler,Scheduler.JobsList,rest,ga,
scheduler,Scheduler.JobsPatch,rest,ga,
scheduler,Scheduler.JobsPause,rest,ga,
scheduler,Scheduler.JobsResume,rest,ga,
scheduler,Scheduler.JobsRun,rest,ga,
scheduler,UpdateJob,grpc,ga,
secretmanager,AccessSecretVersion,grpc,ga,
secretmanager,AddSecretVersion,grpc,ga,
secretmanager,CreateSecret,grpc,ga,
secretmanager,DeleteSecret,grpc,ga,
secretmanager,DestroySecretVersion,grpc,ga,
secretmanager,DisableSecretVersion,grpc,ga,
secretmanager,EnableManagedRotation,grpc,ga,
secretmanager,EnableSecretVersion,grpc,ga,
secretmanager,GetIamPolicy,grpc,ga,
secretmanager,GetSecret,grpc,ga,
secretmanager,GetSecretVersion,grpc,ga,
secretmanager,ListSecretVersions,grpc,ga,
secretmanager,ListSecrets,grpc,ga,
secretmanager,RotateSecret,grpc,ga,
secretmanager,Secret.Access,rest,ga,
secretmanager,Secret.AddVersion,rest,ga,
secretmanager,Secret.Create,rest,ga,
secretmanager,Secret.Delete,rest,ga,
secretmanager,Secret.DestroyVersion,rest,ga,
secretmanager,Secret.DisableVersion,rest,ga,
secretmanager,Secret.EnableManagedRotation,rest,ga,
secretmanager,Secret.EnableVersion,rest,ga,
secretmanager,Secret.Get,rest,ga,
secretmanager,Secret.GetIamPolicy,rest,ga,
secretmanager,Secret.GetVersion,rest,ga,
secretmanager,Secret.List,rest,ga,
secretmanager,Secret.ListVersions,rest,ga,
secretmanager,Secret.RotateSecret,rest,ga,
secretmanager,Secret.SetIamPolicy,rest,ga,
secretmanager,Secret.TestIamPermissions,rest,ga,
secretmanager,Secret.Update,rest,ga,
secretmanager,SetIamPolicy,grpc,ga,
secretmanager,TestIamPermissions,grpc,ga,
secretmanager,UpdateSecret,grpc,ga,
serviceusage,BatchEnableServices,grpc,ga,
serviceusage,BatchGetServices,grpc,ga,
serviceusage,DisableService,grpc,ga,
serviceusage,EnableService,grpc,ga,
serviceusage,GetService,grpc,ga,
serviceusage,ListServices,grpc,ga,
serviceusage,ServiceUsage.ServicesBatchEnable,rest,ga,
serviceusage,ServiceUsage.ServicesBatchGet,rest,ga,
serviceusage,ServiceUsage.ServicesDisable,rest,ga,
serviceusage,ServiceUsage.ServicesEnable,rest,ga,
serviceusage,ServiceUsage.ServicesGet,rest,ga,
serviceusage,ServiceUsage.ServicesList,rest,ga,
storage,BidiReadObject,grpc,ga,
storage,BidiWriteObject,grpc,ga,
storage,CancelResumableWrite,grpc,ga,
storage,ComposeObject,grpc,ga,
storage,CreateBucket,grpc,ga,
storage,DeleteBucket,grpc,ga,
storage,DeleteObject,grpc,ga,
storage,GetBucket,grpc,ga,
storage,GetIamPolicy,grpc,ga,
storage,GetObject,grpc,ga,
storage,ListBuckets,grpc,ga,
storage,ListObjects,grpc,ga,
storage,LockBucketRetentionPolicy,grpc,ga,
storage,MoveObject,grpc,ga,
storage,QueryWriteStatus,grpc,ga,
storage,ReadObject,grpc,ga,
storage,RestoreObject,grpc,ga,
storage,RewriteObject,grpc,ga,
storage,SetIamPolicy,grpc,ga,
storage,StartResumableWrite,grpc,ga,
storage,Storage.BucketACLInsert,rest,ga,
storage,Storage.BucketACLList,rest,ga,
storage,Storage.BucketsDelete,rest,ga,
storage,Storage.BucketsGet,rest,ga,
storage,Storage.BucketsGetIamPolicy,rest,ga,
storage,Storage.BucketsGetStorageLayout,rest,ga,
storage,Storage.BucketsInsert,rest,ga,
storage,Storage.BucketsList,rest,ga,
storage,Storage.BucketsLockRetentionPolicy,rest,ga,
storage,Storage.BucketsSetIamPolicy,rest,ga,
storage,Storage.BucketsUpdate,rest,ga,
storage,Storage.NotificationsDelete,rest,ga,
storage,Storage.NotificationsGet,rest,ga,
storage,Storage.NotificationsInsert,rest,ga,
storage,Storage.NotificationsList,rest,ga,
storage,Storage.ObjectACLInsert,rest,ga,
storage,Storage.ObjectACLList,rest,ga,
storage,Storage.ObjectsCompose,rest,ga,
storage,Storage.ObjectsCopy,rest,ga,
storage,Storage.ObjectsDelete,rest,ga,
storage,Storage.ObjectsGet,rest,ga,
storage,Storage.ObjectsGetIamPolicy,rest,ga,
storage,Storage.ObjectsGetMedia,rest,ga,
storage,Storage.ObjectsInsert,rest,ga,
storage,Storage.ObjectsInsertResumable,rest,ga,
storage,Storage.ObjectsInsertStartResumable,rest,ga,
storage,Storage.ObjectsList,rest,ga,
storage,Storage.ObjectsMove,rest,ga,
storage,Storage.ObjectsPatch,rest,ga,
storage,Storage.ObjectsRestore,rest,ga,
storage,Storage.ObjectsRewrite,rest,ga,
storage,Storage.ObjectsSetIamPolicy,rest,ga,
storage,Storage.ObjectsUpdate,rest,ga,
storage,TestIamPermissions,grpc,ga,
storage,UpdateBucket,grpc,ga,
storage,UpdateObject,grpc,ga,
storage,WriteObject,grpc,ga,
tasks,CreateQueue,grpc,ga,
tasks,CreateTask,grpc,ga,
tasks,DeleteQueue,grpc,ga,
tasks,DeleteTask,grpc,ga,
tasks,GetIamPolicy,grpc,ga,
tasks,GetQueue,grpc,ga,
tasks,GetTask,grpc,ga,
tasks,ListQueues,grpc,ga,
tasks,ListTasks,grpc,ga,
tasks,PauseQueue,grpc,ga,
tasks,PurgeQueue,grpc,ga,
tasks,ResumeQueue,grpc,ga,
tasks,RunTask,grpc,ga,
tasks,SetIamPolicy,grpc,ga,
tasks,Tasks.QueuesCreate,rest,ga,
tasks,Tasks.QueuesDelete,rest,ga,
tasks,Tasks.QueuesGet,rest,ga,
tasks,Tasks.QueuesGetIamPolicy,rest,ga,
tasks,Tasks.QueuesList,rest,ga,
tasks,Tasks.QueuesPatch,rest,ga,
tasks,Tasks.QueuesPause,rest,ga,
tasks,Tasks.QueuesPurge,rest,ga,
tasks,Tasks.QueuesResume,rest,ga,
tasks,Tasks.QueuesSetIamPolicy,rest,ga,
tasks,Tasks.QueuesTestIamPermissions,rest,ga,
tasks,Tasks.TasksBatchCreate,rest,ga,
tasks,Tasks.TasksBatchDelete,rest,ga,
tasks,Tasks.TasksCreate,rest,ga,
tasks,Tasks.TasksDelete,rest,ga,
tasks,Tasks.TasksGet,rest,ga,
tasks,Tasks.TasksList,rest,ga,
tasks,Tasks.TasksRun,rest,ga,
tasks,TestIamPermissions,grpc,ga,
tasks,UpdateQueue,grpc,ga,
workflowexecutions,CancelExecution,grpc,ga,
workflowexecutions,CreateExecution,grpc,ga,
workflowexecutions,GetExecution,grpc,ga,
workflowexecutions,ListExecutions,grpc,ga,
workflowexecutions,WorkflowExecution.CancelExecution,rest,ga,
workflowexecutions,WorkflowExecution.CreateExecution,rest,ga,
workflowexecutions,WorkflowExecution.GetExecution,rest,ga,
workflowexecutions,WorkflowExecution.ListExecutions,rest,ga,
workflows,CreateWorkflow,grpc,ga,
workflows,DeleteWorkflow,grpc,ga,
workflows,GetWorkflow,grpc,ga,
workflows,ListWorkflowRevisions,grpc,ga,
workflows,ListWorkflows,grpc,ga,
workflows,UpdateWorkflow,grpc,ga,
workflows,Workflow.CreateWorkflow,rest,ga,
workflows,Workflow.DeleteWorkflow,rest,ga,
workflows,Workflow.GetOperation,rest,ga,
workflows,Workflow.GetWorkflow,rest,ga,
workflows,Workflow.ListWorkflowRevisions,rest,ga,
workflows,Workflow.ListWorkflows,rest,ga,
workflows,Workflow.UpdateWorkflow,rest,ga,
